Google;3.5718427484419233e-07
Meta;1.5371536113471906e-06
Microsoft;2.945200698486787e-06
Apple;3.2544522044628245e-06
Amazon;3.2940456296173646e-06
Intel;3.491163845121536e-06
AMD;5.9144661202559935e-06
Nvidia;6.972425173868605e-06
IBM;8.143528088351778e-06
Oracle;9.419557256898175e-06
Google,Meta;1.299402694608728e-05
Microsoft,Google;1.4879147008670417e-05
Google,Apple;1.4939388481907525e-05
Google,Amazon;1.5443921897974312e-05
Intel,Google;1.6185738786225174e-05
Google,AMD;1.6512665200028633e-05
Nvidia,Google;1.738498969576745e-05
IBM,Google;1.7540188390071848e-05
Oracle,Google;1.8629208295488968e-05
Meta,Microsoft;1.908942265043972e-05
Meta,Apple;1.9759321137041288e-05
Meta,Amazon;2.0200527567021857e-05
Intel,Meta;2.0996312033981295e-05
AMD,Meta;2.1206071658087216e-05
Meta,Nvidia;2.244762682362673e-05
IBM,Meta;2.3812333444606208e-05
Oracle,Meta;2.68881987785725e-05
Microsoft,Apple;2.734481209806188e-05
Microsoft,Amazon;2.7858424406014784e-05
Intel,Microsoft;3.2688388583614236e-05
Microsoft,AMD;3.372420350139044e-05
Microsoft,Nvidia;3.436281888807784e-05
Microsoft,IBM;3.6778686237937256e-05
Oracle,Microsoft;3.719456326762618e-05
Apple,Amazon;3.7743752891539146e-05
Apple,Intel;3.947254116825259e-05
AMD,Apple;4.0246151673804464e-05
Nvidia,Apple;4.033173391523545e-05
Apple,IBM;4.192645972407135e-05
Apple,Oracle;4.2157321639453864e-05
Intel,Amazon;4.267166379219181e-05
Amazon,AMD;4.294174319478713e-05
Nvidia,Amazon;4.611510001980727e-05
IBM,Amazon;5.119344743860203e-05
Oracle,Amazon;5.120017249815623e-05
Intel,AMD;5.174471358931096e-05
Nvidia,Intel;5.413088736650566e-05
IBM,Intel;5.479724238534691e-05
Intel,Oracle;5.7094655312047654e-05
AMD,Nvidia;5.898984033934995e-05
AMD,IBM;5.9230046107915324e-05
AMD,Oracle;6.038448470944234e-05
IBM,Nvidia;6.083987688368472e-05
Oracle,Nvidia;6.270186256973585e-05
IBM,Oracle;6.398703279134231e-05
Microsoft,Google,Meta;6.497391389443039e-05
Apple,Google,Meta;6.831620540484637e-05
Amazon,Meta,Google;6.849728420581335e-05
Meta,Google,Intel;6.963106972442041e-05
AMD,Google,Meta;7.146774228684371e-05
Meta,Nvidia,Google;7.434292647309841e-05
Google,Meta,IBM;7.469068997294116e-05
Oracle,Google,Meta;7.575420733353991e-05
Apple,Google,Microsoft;7.653416430258155e-05
Google,Amazon,Microsoft;7.810271767275378e-05
Microsoft,Intel,Google;7.926571418464628e-05
Google,AMD,Microsoft;8.012718779804209e-05
Nvidia,Google,Microsoft;8.043074544784847e-05
IBM,Microsoft,Google;8.093372819536029e-05
Microsoft,Oracle,Google;8.249087119774194e-05
Amazon,Apple,Google;8.35345960712114e-05
Google,Apple,Intel;8.354025878644092e-05
AMD,Apple,Google;8.433663980517585e-05
Apple,Nvidia,Google;8.482227514284321e-05
Google,Apple,IBM;8.520939603202304e-05
Apple,Google,Oracle;8.665724954928208e-05
Google,Intel,Amazon;8.743892530993459e-05
AMD,Google,Amazon;9.19244650675552e-05
Nvidia,Google,Amazon;9.268566723385482e-05
Amazon,Google,IBM;9.59411725522076e-05
Google,Amazon,Oracle;9.648665002279825e-05
Intel,Google,AMD;9.668017271435141e-05
Google,Nvidia,Intel;9.761010045883288e-05
Intel,IBM,Google;9.773808841606714e-05
Google,Oracle,Intel;9.779153260013291e-05
Google,Nvidia,AMD;9.814545421151304e-05
AMD,IBM,Google;9.962751478268309e-05
Google,Oracle,AMD;0.00010031294825363136
Google,Nvidia,IBM;0.00010064369783303072
Google,Oracle,Nvidia;0.00010073574560479488
IBM,Oracle,Google;0.00010348238556392826
Microsoft,Apple,Meta;0.00010358499220268354
Microsoft,Meta,Amazon;0.00010385941559126276
Intel,Microsoft,Meta;0.00010509291313173029
AMD,Microsoft,Meta;0.000105169145872027
Meta,Microsoft,Nvidia;0.00010538748882125435
Microsoft,IBM,Meta;0.0001085909148039976
Meta,Microsoft,Oracle;0.00010917943531036141
Amazon,Meta,Apple;0.0001095074114215934
Meta,Intel,Apple;0.00010956377864692345
Meta,AMD,Apple;0.000112323506954105
Nvidia,Apple,Meta;0.00011287783483689139
IBM,Meta,Apple;0.00011811370386679066
Oracle,Apple,Meta;0.00011861962717584007
Intel,Meta,Amazon;0.0001190072159901481
Meta,AMD,Amazon;0.00011975539821334474
Nvidia,Meta,Amazon;0.00012118086503810197
IBM,Meta,Amazon;0.00012142336949156586
Meta,Amazon,Oracle;0.00012216287168188828
Meta,AMD,Intel;0.00012409403167109773
Nvidia,Meta,Intel;0.00012618707569315814
Meta,IBM,Intel;0.0001263331113985786
Oracle,Intel,Meta;0.00012700716880436228
Nvidia,Meta,AMD;0.0001271663811822662
Meta,IBM,AMD;0.0001303067322413058
Oracle,Meta,AMD;0.000130430627490519
Nvidia,Meta,IBM;0.00013280473761872314
Oracle,Meta,Nvidia;0.0001346049918793954
Oracle,Meta,IBM;0.00013572872388981766
Amazon,Microsoft,Apple;0.00013579857180179167
Intel,Apple,Microsoft;0.00013618529720002215
AMD,Apple,Microsoft;0.00013747471408171515
Microsoft,Apple,Nvidia;0.00013771190566533257
Apple,IBM,Microsoft;0.00013776183392042113
Apple,Microsoft,Oracle;0.00014287423296907548
Amazon,Intel,Microsoft;0.0001443221793605348
AMD,Microsoft,Amazon;0.000145620539045741
Microsoft,Nvidia,Amazon;0.00014571581531427132
IBM,Amazon,Microsoft;0.00014608111089995206
Amazon,Microsoft,Oracle;0.00014736859985631123
Microsoft,AMD,Intel;0.00014865444305270836
Intel,Microsoft,Nvidia;0.0001500758374318428
IBM,Intel,Microsoft;0.0001504351663693749
Microsoft,Intel,Oracle;0.00015088510796443716
Nvidia,Microsoft,AMD;0.00015253176825490101
IBM,Microsoft,AMD;0.00015276565090712092
Microsoft,AMD,Oracle;0.00015393064081130675
Nvidia,IBM,Microsoft;0.0001550602048953696
Microsoft,Nvidia,Oracle;0.00015550739087098338
Oracle,Microsoft,IBM;0.00015767374618270787
Amazon,Apple,Intel;0.00015838406842996975
Amazon,Apple,AMD;0.00015864974353537622
Amazon,Apple,Nvidia;0.00016058593514982008
IBM,Apple,Amazon;0.00016106704979255293
Apple,Amazon,Oracle;0.0001614302310545448
AMD,Apple,Intel;0.00016161376162746657
Apple,Nvidia,Intel;0.00016267244911905097
Intel,IBM,Apple;0.00016394164215349246
Oracle,Intel,Apple;0.00016407649311731774
Apple,Nvidia,AMD;0.0001643687470029173
AMD,IBM,Apple;0.00016555745455334306
Apple,Oracle,AMD;0.00016745119632241454
IBM,Apple,Nvidia;0.0001712651674129227
Nvidia,Oracle,Apple;0.00017191464299792756
Oracle,Apple,IBM;0.00017286365169263732
AMD,Amazon,Intel;0.0001729523377786397
Amazon,Nvidia,Intel;0.00017383346052405148
Amazon,Intel,IBM;0.00017385761819458333
Amazon,Intel,Oracle;0.00017576778764845065
AMD,Nvidia,Amazon;0.00017672170639385546
Amazon,IBM,AMD;0.00017676649953525249
Amazon,Oracle,AMD;0.00017799500412855204
Nvidia,IBM,Amazon;0.000178561353978756
Nvidia,Amazon,Oracle;0.00018070472703437813
Oracle,IBM,Amazon;0.00018072588849863145
AMD,Intel,Nvidia;0.0001816879086448539
Intel,AMD,IBM;0.00018180505194909208
AMD,Intel,Oracle;0.00018301603288815833
Nvidia,IBM,Intel;0.00018517439522518244
Oracle,Intel,Nvidia;0.00018547057626808826
Oracle,IBM,Intel;0.00018608549938301598
AMD,Nvidia,IBM;0.00018804594209329326
Oracle,Nvidia,AMD;0.00018917221810332182
AMD,IBM,Oracle;0.00019035491228570198
IBM,Oracle,Nvidia;0.0001910013602074399
Google,Apple,Meta,Microsoft;0.00019166506693073712
Amazon,Meta,Google,Microsoft;0.00019198193243928735
Intel,Google,Microsoft,Meta;0.00019211575186805656
AMD,Google,Microsoft,Meta;0.0001932285384097644
Meta,Microsoft,Nvidia,Google;0.00019566089992051187
Meta,IBM,Google,Microsoft;0.00019712691253138904
Meta,Google,Microsoft,Oracle;0.00020185769367979712
Meta,Google,Apple,Amazon;0.0002022246047039062
Google,Intel,Meta,Apple;0.00020276749379189408
Meta,AMD,Apple,Google;0.00020482680449463835
Google,Nvidia,Apple,Meta;0.0002050685499719129
IBM,Google,Meta,Apple;0.0002056784904694996
Google,Meta,Oracle,Apple;0.00020785607870058335
Meta,Amazon,Google,Intel;0.0002080344521167304
Meta,Google,Amazon,AMD;0.0002097712338337448
Google,Meta,Nvidia,Amazon;0.00021015072628129927
Amazon,IBM,Meta,Google;0.00021281848724452528
Amazon,Oracle,Google,Meta;0.00021479574288200664
Meta,AMD,Intel,Google;0.0002148862790010677
Intel,Nvidia,Google,Meta;0.00021666731108116195
IBM,Intel,Google,Meta;0.000216754220629115
Meta,Google,Oracle,Intel;0.00021980441338896614
Nvidia,Meta,AMD,Google;0.00022019207811197318
Google,IBM,AMD,Meta;0.00022074271357445743
Google,Oracle,Meta,AMD;0.0002213643870652002
IBM,Nvidia,Meta,Google;0.00022175176739661737
Oracle,Meta,Google,Nvidia;0.0002220414935624462
Oracle,Google,IBM,Meta;0.0002224963717734379
Google,Apple,Amazon,Microsoft;0.00022477320929624169
Microsoft,Google,Intel,Apple;0.0002255064628355188
Apple,Google,Microsoft,AMD;0.00022668497444501044
Nvidia,Google,Microsoft,Apple;0.00022702258976624898
Microsoft,Google,IBM,Apple;0.0002296422281372035
Google,Oracle,Apple,Microsoft;0.00022977119620602198
Intel,Google,Amazon,Microsoft;0.00023021384498268666
Google,Amazon,AMD,Microsoft;0.0002304489836373913
Microsoft,Google,Amazon,Nvidia;0.00023604835953183355
Google,Amazon,IBM,Microsoft;0.00023653578960051926
Oracle,Amazon,Google,Microsoft;0.00023814767832938682
Intel,Google,Microsoft,AMD;0.00023890746878071312
Google,Microsoft,Intel,Nvidia;0.00024137483705035165
Intel,IBM,Google,Microsoft;0.0002426142977798
Intel,Microsoft,Google,Oracle;0.00024397245626846985
AMD,Nvidia,Google,Microsoft;0.00024401961418282005
Microsoft,AMD,IBM,Google;0.00024610789528924624
AMD,Microsoft,Google,Oracle;0.00024679980809714873
Nvidia,IBM,Microsoft,Google;0.000247160576863834
Nvidia,Google,Microsoft,Oracle;0.00024797419837880235
Google,Oracle,Microsoft,IBM;0.0002491692317003794
Apple,Google,Intel,Amazon;0.00024953544923358886
Apple,AMD,Google,Amazon;0.000250524502499112
Apple,Nvidia,Amazon,Google;0.00025145528206584224
Google,Apple,Amazon,IBM;0.00025267540824022505
Oracle,Google,Apple,Amazon;0.00025446804276284973
Intel,Google,Apple,AMD;0.00025464123751872534
Nvidia,Apple,Google,Intel;0.0002548270633895895
Intel,Apple,IBM,Google;0.0002549979026602761
Apple,Google,Intel,Oracle;0.0002581875661811231
AMD,Google,Apple,Nvidia;0.0002583605676999009
IBM,AMD,Apple,Google;0.00026251722560552334
AMD,Apple,Google,Oracle;0.0002628548963862631
IBM,Google,Nvidia,Apple;0.0002637508623669941
Oracle,Apple,Nvidia,Google;0.0002649438175950887
Google,IBM,Apple,Oracle;0.00026952523451600184
Intel,Amazon,Google,AMD;0.00027045588190697774
Google,Intel,Amazon,Nvidia;0.0002713877963870533
Google,IBM,Amazon,Intel;0.00027171236597587245
Google,Intel,Oracle,Amazon;0.00027277365051029626
AMD,Amazon,Google,Nvidia;0.00027644048536707344
Google,IBM,Amazon,AMD;0.0002768294317645141
Oracle,Google,AMD,Amazon;0.000277512901533162
Nvidia,Google,IBM,Amazon;0.0002783041702534177
Oracle,Google,Nvidia,Amazon;0.0002787244770112649
IBM,Google,Amazon,Oracle;0.0002808255411268744
AMD,Google,Nvidia,Intel;0.00028125622577649984
IBM,Google,Intel,AMD;0.0002844206076614041
Oracle,Intel,AMD,Google;0.00028492546272469287
Google,IBM,Intel,Nvidia;0.00028556676514696934
Nvidia,Google,Oracle,Intel;0.00028574987420698265
Intel,IBM,Oracle,Google;0.00028618065903738285
AMD,Nvidia,IBM,Google;0.0002879142819071143
Google,AMD,Oracle,Nvidia;0.0002910539457982318
AMD,Oracle,IBM,Google;0.00029180964263818466
Google,IBM,Oracle,Nvidia;0.00029226699086171143
Meta,Apple,Amazon,Microsoft;0.0002923473077949869
Meta,Intel,Apple,Microsoft;0.00029329441297773907
Meta,Microsoft,Apple,AMD;0.0002934712345551367
Meta,Nvidia,Microsoft,Apple;0.0002957353085677689
Apple,Meta,IBM,Microsoft;0.00029600459657032016
Apple,Microsoft,Oracle,Meta;0.00029820558956942763
Meta,Amazon,Intel,Microsoft;0.00029841092937001984
Amazon,AMD,Meta,Microsoft;0.0002998951362757014
Meta,Amazon,Microsoft,Nvidia;0.00030212878227062873
Meta,Microsoft,Amazon,IBM;0.0003025246005669114
Amazon,Microsoft,Meta,Oracle;0.0003035449766375877
AMD,Intel,Meta,Microsoft;0.00030369267337179115
Microsoft,Intel,Meta,Nvidia;0.0003046201012085133
Meta,IBM,Microsoft,Intel;0.00030645089777750744
Meta,Oracle,Microsoft,Intel;0.00030738143486169246
Meta,Nvidia,Microsoft,AMD;0.00030912268916113284
IBM,Meta,AMD,Microsoft;0.0003094917133749863
Oracle,Microsoft,Meta,AMD;0.0003095143266943815
Meta,Microsoft,IBM,Nvidia;0.00030996863391290696
Microsoft,Meta,Oracle,Nvidia;0.00031052177477216913
Meta,Oracle,Microsoft,IBM;0.0003109461287142771
Amazon,Apple,Meta,Intel;0.00031247673354434685
AMD,Apple,Meta,Amazon;0.00031510201198118774
Apple,Amazon,Meta,Nvidia;0.00031517357037065676
Apple,Meta,Amazon,IBM;0.000317389030772618
Oracle,Amazon,Meta,Apple;0.0003179349950578496
Apple,AMD,Meta,Intel;0.0003180344091614888
Meta,Nvidia,Apple,Intel;0.000320266474334502
Meta,Apple,Intel,IBM;0.0003206765620293505
Apple,Oracle,Intel,Meta;0.00032430916578183894
Apple,AMD,Nvidia,Meta;0.0003258304339215275
Meta,AMD,IBM,Apple;0.0003263135965942056
Oracle,Meta,AMD,Apple;0.0003277783445666828
Apple,Meta,IBM,Nvidia;0.0003293046004838733
Oracle,Meta,Apple,Nvidia;0.00033163012627700184
Oracle,Meta,Apple,IBM;0.00033196378745772544
AMD,Amazon,Meta,Intel;0.00033212594917468255
Nvidia,Meta,Amazon,Intel;0.0003323003547125584
Intel,IBM,Amazon,Meta;0.0003357552528468322
Amazon,Intel,Oracle,Meta;0.00034172468146443936
AMD,Meta,Amazon,Nvidia;0.00034322768221749337
AMD,IBM,Amazon,Meta;0.0003452338173450525
AMD,Oracle,Meta,Amazon;0.0003502059405728577
Amazon,Meta,IBM,Nvidia;0.00035180337186237534
Oracle,Meta,Nvidia,Amazon;0.0003549474123155947
Oracle,IBM,Meta,Amazon;0.000355310789889262
AMD,Nvidia,Meta,Intel;0.00035600146763031684
Intel,IBM,AMD,Meta;0.00035686304163953336
Intel,Oracle,AMD,Meta;0.0003568638934775258
IBM,Nvidia,Meta,Intel;0.00035759419913893975
Nvidia,Intel,Meta,Oracle;0.00035788068476983907
Oracle,IBM,Intel,Meta;0.0003593621737330876
IBM,Nvidia,AMD,Meta;0.0003636919613173137
Meta,Nvidia,Oracle,AMD;0.00036381200126898473
Meta,Oracle,AMD,IBM;0.00036531169511695716
Nvidia,IBM,Meta,Oracle;0.00036589014569634166
Apple,Intel,Microsoft,Amazon;0.00036692396821081774
AMD,Apple,Amazon,Microsoft;0.00036775348305118197
Nvidia,Microsoft,Amazon,Apple;0.00036995193486090926
Apple,Amazon,Microsoft,IBM;0.0003709253383621941
Amazon,Microsoft,Oracle,Apple;0.00037242688735922053
Intel,AMD,Apple,Microsoft;0.00037366286220428684
Apple,Intel,Nvidia,Microsoft;0.00037684913488394
Intel,IBM,Apple,Microsoft;0.00037782032212957937
Microsoft,Oracle,Intel,Apple;0.00038010141909009876
Nvidia,Microsoft,Apple,AMD;0.0003829116495702709
Apple,Microsoft,AMD,IBM;0.0003865756645301104
Oracle,Apple,AMD,Microsoft;0.00038694767037915096
Microsoft,Nvidia,Apple,IBM;0.00038737831042406874
Oracle,Nvidia,Apple,Microsoft;0.00038868013933234425
IBM,Oracle,Apple,Microsoft;0.0003909914934383165
AMD,Intel,Amazon,Microsoft;0.0003913754186117745
Intel,Nvidia,Amazon,Microsoft;0.00039222175474888215
Intel,Amazon,Microsoft,IBM;0.00039248283547464047
Amazon,Intel,Oracle,Microsoft;0.00039428133916181806
Nvidia,Microsoft,Amazon,AMD;0.0003961042742900671
AMD,IBM,Microsoft,Amazon;0.0003974621001275294
Oracle,Amazon,AMD,Microsoft;0.00040017343946512556
Microsoft,Nvidia,Amazon,IBM;0.0004022247859124699
Oracle,Nvidia,Microsoft,Amazon;0.0004052997104665817
Amazon,Microsoft,IBM,Oracle;0.0004060704082748454
AMD,Intel,Microsoft,Nvidia;0.00040672027212060736
Microsoft,AMD,Intel,IBM;0.00041429857664944744
AMD,Intel,Oracle,Microsoft;0.00041469430596104975
IBM,Microsoft,Intel,Nvidia;0.0004157273554997089
Oracle,Microsoft,Nvidia,Intel;0.00042079107206490396
IBM,Microsoft,Intel,Oracle;0.0004223593796458169
IBM,AMD,Microsoft,Nvidia;0.0004241976897114244
AMD,Nvidia,Microsoft,Oracle;0.0004250526495533751
Oracle,Microsoft,IBM,AMD;0.0004258685217393862
IBM,Nvidia,Oracle,Microsoft;0.0004260748304890944
AMD,Intel,Apple,Amazon;0.00042679101205349025
Intel,Nvidia,Amazon,Apple;0.00042888795552501645
Intel,Amazon,Apple,IBM;0.0004309280302695456
Intel,Oracle,Apple,Amazon;0.0004343227919771925
AMD,Amazon,Apple,Nvidia;0.0004354671577893446
Amazon,IBM,Apple,AMD;0.000436857637976962
Apple,Amazon,AMD,Oracle;0.0004370961124583256
IBM,Amazon,Apple,Nvidia;0.0004374037746639011
Nvidia,Oracle,Apple,Amazon;0.00043897398578902235
Oracle,Amazon,Apple,IBM;0.00044076089114230036
AMD,Nvidia,Intel,Apple;0.00044100214853516677
Intel,IBM,AMD,Apple;0.000444993981552947
AMD,Oracle,Apple,Intel;0.00044511599028551087
Intel,IBM,Nvidia,Apple;0.0004459152521566667
Oracle,Apple,Intel,Nvidia;0.00044889662692424565
Intel,IBM,Apple,Oracle;0.0004499631882670118
Apple,AMD,Nvidia,IBM;0.00045098509575955674
Oracle,Apple,Nvidia,AMD;0.00045124479772553033
AMD,IBM,Apple,Oracle;0.0004517603922121487
Apple,Oracle,IBM,Nvidia;0.0004527943949231249
Intel,Nvidia,Amazon,AMD;0.0004567195216178504
IBM,Intel,AMD,Amazon;0.00045706523576038066
Oracle,Intel,Amazon,AMD;0.0004584000193898777
Amazon,Nvidia,Intel,IBM;0.0004594350511843983
Intel,Oracle,Amazon,Nvidia;0.000459482167139296
Amazon,Intel,Oracle,IBM;0.00045963929808846686
IBM,Amazon,Nvidia,AMD;0.0004602179860612523
Amazon,AMD,Oracle,Nvidia;0.00046133804365632605
Amazon,Oracle,AMD,IBM;0.00046134749710005554
Amazon,Nvidia,Oracle,IBM;0.00046312398899122807
AMD,Nvidia,Intel,IBM;0.0004671926445901395
Intel,Nvidia,Oracle,AMD;0.0004692061167909603
Oracle,Intel,IBM,AMD;0.0004710545663508404
IBM,Intel,Oracle,Nvidia;0.0004740231308363431
IBM,AMD,Oracle,Nvidia;0.00047435803686106674
Amazon,Google,Microsoft,Meta,Apple;0.0004746355046705919
Apple,Intel,Google,Meta,Microsoft;0.00047549590682610616
Google,AMD,Microsoft,Apple,Meta;0.0004822730276196522
Google,Microsoft,Nvidia,Apple,Meta;0.0004862046479828256
Meta,Microsoft,Google,Apple,IBM;0.00048656574475300466
Meta,Apple,Google,Microsoft,Oracle;0.0004873548949849487
Microsoft,Intel,Meta,Amazon,Google;0.0004875531609261505
AMD,Amazon,Meta,Google,Microsoft;0.000490142209198316
Google,Microsoft,Amazon,Nvidia,Meta;0.0004905717693097386
IBM,Microsoft,Google,Amazon,Meta;0.0004945840450479965
Microsoft,Amazon,Meta,Oracle,Google;0.0004988381887284382
Intel,Meta,AMD,Microsoft,Google;0.0004988885491502334
Nvidia,Google,Meta,Microsoft,Intel;0.0004992828042827431
Intel,Microsoft,Meta,IBM,Google;0.0005012575450253002
Intel,Oracle,Microsoft,Google,Meta;0.0005012837195086418
Meta,Google,Nvidia,Microsoft,AMD;0.0005024840928519744
Meta,IBM,Google,Microsoft,AMD;0.0005032692934412539
Meta,Oracle,AMD,Microsoft,Google;0.0005063043637846401
Google,IBM,Microsoft,Meta,Nvidia;0.0005111261350439892
Microsoft,Google,Nvidia,Oracle,Meta;0.0005135520205662319
Google,Oracle,IBM,Meta,Microsoft;0.0005165418615528273
Meta,Intel,Google,Apple,Amazon;0.0005170070771174347
Apple,Amazon,Meta,AMD,Google;0.0005174294972458729
Apple,Meta,Amazon,Nvidia,Google;0.0005187984424875706
Apple,Meta,Google,IBM,Amazon;0.0005201093726509304
Amazon,Oracle,Google,Meta,Apple;0.000520943566730842
AMD,Meta,Intel,Google,Apple;0.0005229031682387803
Meta,Intel,Nvidia,Apple,Google;0.0005236784870390809
Intel,Apple,IBM,Meta,Google;0.0005248426394855588
Intel,Google,Oracle,Meta,Apple;0.0005255574638365404
Nvidia,Google,Apple,Meta,AMD;0.0005305081982025281
IBM,AMD,Google,Apple,Meta;0.0005310150007688054
AMD,Google,Apple,Oracle,Meta;0.0005323120057317747
Google,Meta,IBM,Nvidia,Apple;0.000538088034876283
Meta,Google,Oracle,Nvidia,Apple;0.0005386212353177119
Google,Oracle,Apple,Meta,IBM;0.0005391304487943739
AMD,Intel,Amazon,Meta,Google;0.0005406710035635605
Intel,Nvidia,Google,Meta,Amazon;0.000543444768133987
Google,Amazon,IBM,Intel,Meta;0.0005446146383367133
Google,Amazon,Oracle,Intel,Meta;0.0005490033531294887
Amazon,Meta,Google,Nvidia,AMD;0.0005494990906966379
Google,AMD,Amazon,IBM,Meta;0.0005510255341806447
Oracle,Amazon,AMD,Meta,Google;0.0005539863192906217
Nvidia,Meta,Amazon,IBM,Google;0.0005555653566412032
Nvidia,Google,Amazon,Meta,Oracle;0.0005562965396223933
Google,Oracle,Amazon,Meta,IBM;0.0005572371359008355
AMD,Meta,Nvidia,Intel,Google;0.0005576380825567448
IBM,Google,Intel,AMD,Meta;0.0005599767142944705
Intel,Oracle,Google,AMD,Meta;0.0005623923485377993
Intel,Nvidia,Meta,IBM,Google;0.0005633031302303287
Meta,Nvidia,Google,Intel,Oracle;0.0005637958895839788
Meta,Oracle,Google,IBM,Intel;0.0005645084638495085
IBM,Meta,Nvidia,AMD,Google;0.0005662712785080789
Meta,AMD,Nvidia,Google,Oracle;0.0005676871956637841
AMD,Google,Meta,IBM,Oracle;0.0005690675302237033
Meta,Nvidia,Google,IBM,Oracle;0.0005717385668042638
Intel,Amazon,Microsoft,Google,Apple;0.000573040026405503
Apple,Amazon,Google,Microsoft,AMD;0.0005738506807564585
Nvidia,Microsoft,Google,Apple,Amazon;0.0005741895861305901
Microsoft,Apple,Google,Amazon,IBM;0.0005747279847055027
Apple,Amazon,Oracle,Microsoft,Google;0.0005759222963562229
AMD,Google,Apple,Microsoft,Intel;0.0005761365657491704
Apple,Nvidia,Google,Intel,Microsoft;0.0005816955795030256
Google,Intel,Microsoft,IBM,Apple;0.0005819046462854966
Apple,Google,Intel,Microsoft,Oracle;0.0005824338252111689
Microsoft,Google,Apple,AMD,Nvidia;0.0005829225677457799
IBM,Google,AMD,Apple,Microsoft;0.000584627583310286
Apple,Microsoft,AMD,Google,Oracle;0.0005864881778438488
IBM,Nvidia,Apple,Microsoft,Google;0.0005867270371768324
Microsoft,Apple,Oracle,Google,Nvidia;0.0005869263743864578
Apple,Google,Microsoft,IBM,Oracle;0.0005897632336789832
Intel,AMD,Amazon,Google,Microsoft;0.0005914562755272204
Intel,Google,Nvidia,Amazon,Microsoft;0.0005917569678646542
Microsoft,IBM,Google,Amazon,Intel;0.0005922253443129215
Oracle,Google,Intel,Amazon,Microsoft;0.0005934712904846201
Microsoft,AMD,Nvidia,Amazon,Google;0.0005940578630574736
Google,IBM,Amazon,Microsoft,AMD;0.0005954684465155898
Microsoft,Amazon,Oracle,AMD,Google;0.0006001138220455863
IBM,Microsoft,Nvidia,Google,Amazon;0.0006010029617511024
Nvidia,Oracle,Microsoft,Amazon,Google;0.0006015206353017201
IBM,Amazon,Oracle,Google,Microsoft;0.0006063895503340232
Nvidia,Microsoft,Intel,Google,AMD;0.0006120436672865411
Intel,Microsoft,IBM,Google,AMD;0.0006134438070005335
Intel,Microsoft,AMD,Oracle,Google;0.0006146317295883251
Intel,IBM,Microsoft,Google,Nvidia;0.0006146563577296035
Oracle,Intel,Microsoft,Nvidia,Google;0.0006147291036541741
Oracle,Microsoft,Google,IBM,Intel;0.0006154800056058541
Google,IBM,Microsoft,AMD,Nvidia;0.0006182758392531364
AMD,Nvidia,Google,Oracle,Microsoft;0.000623744877719996
Google,AMD,Oracle,IBM,Microsoft;0.0006273014775179442
IBM,Google,Oracle,Microsoft,Nvidia;0.0006287099783366159
AMD,Amazon,Google,Intel,Apple;0.0006319001968413385
Amazon,Google,Apple,Nvidia,Intel;0.0006338475648619995
Intel,Amazon,Apple,IBM,Google;0.0006360150216854504
Google,Apple,Intel,Oracle,Amazon;0.0006374197920747294
Nvidia,Google,Amazon,AMD,Apple;0.0006377421060516863
Amazon,Google,IBM,Apple,AMD;0.0006389571969519486
Oracle,Google,Amazon,AMD,Apple;0.0006394865221639691
Google,IBM,Nvidia,Apple,Amazon;0.0006411326936865113
Apple,Nvidia,Amazon,Oracle,Google;0.0006431223396576726
Amazon,Oracle,Apple,IBM,Google;0.0006441629002059943
Apple,AMD,Google,Intel,Nvidia;0.0006442715792094881
Google,AMD,Intel,IBM,Apple;0.0006449489228517788
Apple,Oracle,Intel,Google,AMD;0.0006452160327157409
Google,Intel,Nvidia,IBM,Apple;0.0006467068987511063
Oracle,Apple,Intel,Nvidia,Google;0.0006478424852620152
Apple,IBM,Google,Oracle,Intel;0.0006483755515653539
Nvidia,Apple,Google,IBM,AMD;0.000649491524132371
AMD,Google,Apple,Nvidia,Oracle;0.000650227047233032
Google,Oracle,Apple,IBM,AMD;0.0006516099089181219
Oracle,Google,IBM,Nvidia,Apple;0.0006527685778507734
AMD,Intel,Google,Amazon,Nvidia;0.000656484634090654
Google,AMD,Intel,Amazon,IBM;0.0006565682440370817
AMD,Amazon,Google,Intel,Oracle;0.0006599358338584026
Amazon,Nvidia,IBM,Google,Intel;0.0006601383797146024
Intel,Nvidia,Google,Amazon,Oracle;0.000661726391716295
Amazon,Google,Oracle,Intel,IBM;0.0006670966561533315
IBM,Google,Nvidia,AMD,Amazon;0.0006673725812693383
Nvidia,Google,Oracle,Amazon,AMD;0.0006679781687092269
Google,IBM,Oracle,Amazon,AMD;0.0006683252043663032
Amazon,Nvidia,Oracle,IBM,Google;0.0006692067632385638
Google,AMD,Nvidia,IBM,Intel;0.0006698056142767768
Nvidia,Oracle,AMD,Intel,Google;0.0006783285897844533
Intel,Oracle,Google,IBM,AMD;0.0006819518844546399
Oracle,Nvidia,IBM,Intel,Google;0.000682540575738538
Google,Oracle,IBM,Nvidia,AMD;0.0006825704107848194
Amazon,Apple,Intel,Meta,Microsoft;0.0006829604188785098
Amazon,Microsoft,Meta,AMD,Apple;0.0006830146564550288
Apple,Nvidia,Microsoft,Amazon,Meta;0.0006894922580191057
Apple,Amazon,Meta,IBM,Microsoft;0.0006900788131007293
Apple,Meta,Oracle,Amazon,Microsoft;0.0006906602555067172
Microsoft,AMD,Apple,Meta,Intel;0.0006909739718952832
Meta,Nvidia,Intel,Microsoft,Apple;0.0006922810774266708
IBM,Intel,Microsoft,Meta,Apple;0.00069388033931218
Meta,Oracle,Apple,Intel,Microsoft;0.0006962281194871719
Microsoft,Apple,AMD,Meta,Nvidia;0.0006976819047422561
AMD,Microsoft,Apple,IBM,Meta;0.0006989346143707662
Meta,Microsoft,Apple,Oracle,AMD;0.0006999931693718245
Meta,Nvidia,Apple,IBM,Microsoft;0.0007007936273122657
Apple,Nvidia,Meta,Microsoft,Oracle;0.0007013218848276299
Meta,Oracle,Microsoft,IBM,Apple;0.0007016885135053514
AMD,Microsoft,Amazon,Intel,Meta;0.0007019458926484377
Intel,Nvidia,Amazon,Meta,Microsoft;0.0007031519489472017
IBM,Microsoft,Intel,Amazon,Meta;0.0007057220926402886
Amazon,Microsoft,Meta,Oracle,Intel;0.0007110254333691011
Microsoft,Nvidia,Meta,Amazon,AMD;0.000711353761614532
Microsoft,Amazon,AMD,IBM,Meta;0.0007156950146345439
Amazon,Microsoft,Oracle,Meta,AMD;0.0007177986122847811
Microsoft,Nvidia,IBM,Amazon,Meta;0.0007186803272381751
Meta,Nvidia,Microsoft,Oracle,Amazon;0.0007187129418009369
IBM,Amazon,Oracle,Meta,Microsoft;0.0007231703132230822
AMD,Meta,Intel,Nvidia,Microsoft;0.0007232777386639752
AMD,Microsoft,Meta,IBM,Intel;0.0007237861415143372
Microsoft,Meta,Oracle,Intel,AMD;0.0007243691585412705
Nvidia,Microsoft,Meta,IBM,Intel;0.000726457331990708
Intel,Meta,Nvidia,Oracle,Microsoft;0.0007292453368039539
Oracle,IBM,Microsoft,Intel,Meta;0.0007324222696645063
Meta,AMD,IBM,Microsoft,Nvidia;0.0007349964564458238
Microsoft,Nvidia,Meta,AMD,Oracle;0.0007366477387448218
Meta,IBM,AMD,Microsoft,Oracle;0.0007371348739236561
Meta,Oracle,Nvidia,Microsoft,IBM;0.0007401461037513923
AMD,Meta,Intel,Apple,Amazon;0.0007443070726983979
Intel,Apple,Nvidia,Amazon,Meta;0.0007455286420358268
Apple,Intel,Amazon,Meta,IBM;0.0007459444883949673
Intel,Meta,Oracle,Amazon,Apple;0.0007462343545461086
Apple,AMD,Amazon,Meta,Nvidia;0.0007481251322609624
Amazon,Meta,IBM,Apple,AMD;0.0007562580456436888
Meta,AMD,Apple,Amazon,Oracle;0.0007565373337815523
Amazon,Apple,Meta,Nvidia,IBM;0.0007579805976950756
Apple,Amazon,Nvidia,Oracle,Meta;0.0007592618847539122
Apple,Amazon,Meta,IBM,Oracle;0.0007596812323462603
AMD,Meta,Apple,Nvidia,Intel;0.0007628196936054554
AMD,Apple,IBM,Intel,Meta;0.0007634011310635917
Meta,Oracle,AMD,Apple,Intel;0.0007669953582074688
IBM,Apple,Intel,Meta,Nvidia;0.0007681700145866138
Intel,Apple,Oracle,Nvidia,Meta;0.0007688843118855663
Oracle,Intel,IBM,Meta,Apple;0.0007705125188120608
IBM,Nvidia,AMD,Apple,Meta;0.0007747045772912716
AMD,Nvidia,Apple,Oracle,Meta;0.0007786132561455132
AMD,IBM,Meta,Apple,Oracle;0.0007826237064468293
IBM,Apple,Oracle,Nvidia,Meta;0.0007843040264284964
Nvidia,Meta,Intel,AMD,Amazon;0.0007889880291878713
AMD,Intel,Amazon,IBM,Meta;0.0007905797267779917
Meta,Intel,Oracle,AMD,Amazon;0.0007922262981828207
Nvidia,Meta,Amazon,IBM,Intel;0.0007941228004385954
Nvidia,Amazon,Intel,Meta,Oracle;0.0007948049612832365
Intel,Amazon,IBM,Meta,Oracle;0.0007957008247403965
Nvidia,Amazon,AMD,IBM,Meta;0.0007965082835365624
Amazon,Oracle,AMD,Nvidia,Meta;0.0007967543649226482
Oracle,IBM,Amazon,AMD,Meta;0.0007970784432237502
Meta,Oracle,Nvidia,IBM,Amazon;0.0007978565291058112
Intel,AMD,Meta,Nvidia,IBM;0.0007998968361923581
Nvidia,Intel,AMD,Oracle,Meta;0.0008004307327848329
IBM,Intel,AMD,Oracle,Meta;0.0008023902366335891
Intel,Nvidia,IBM,Oracle,Meta;0.000804410186549156
AMD,Nvidia,IBM,Meta,Oracle;0.0008064059178682843
AMD,Microsoft,Apple,Intel,Amazon;0.0008073073940575489
Intel,Microsoft,Nvidia,Amazon,Apple;0.0008094141844267946
Intel,Apple,Amazon,Microsoft,IBM;0.0008106204485130762
Microsoft,Apple,Oracle,Intel,Amazon;0.0008109659494552689
Apple,Microsoft,Amazon,Nvidia,AMD;0.0008131390663211309
IBM,Microsoft,Apple,AMD,Amazon;0.0008154810291135632
Apple,Amazon,Microsoft,Oracle,AMD;0.0008172055731983632
IBM,Amazon,Nvidia,Apple,Microsoft;0.0008236048576867926
Amazon,Microsoft,Oracle,Nvidia,Apple;0.0008243749732464861
Microsoft,Oracle,Apple,Amazon,IBM;0.0008266521894926573
Intel,AMD,Microsoft,Nvidia,Apple;0.0008269086187664207
Intel,IBM,Microsoft,Apple,AMD;0.0008278834387182668
Microsoft,Intel,Apple,Oracle,AMD;0.0008293662881885671
Nvidia,Microsoft,Apple,IBM,Intel;0.0008311465709131484
Apple,Intel,Nvidia,Microsoft,Oracle;0.0008321525460713256
Apple,Intel,Microsoft,IBM,Oracle;0.0008331494080588524
Apple,Microsoft,Nvidia,IBM,AMD;0.0008351707521738626
Microsoft,Oracle,Apple,AMD,Nvidia;0.000836815635515496
Apple,Oracle,AMD,Microsoft,IBM;0.0008413476710658071
Nvidia,Oracle,Microsoft,IBM,Apple;0.0008419482416350796
Nvidia,AMD,Amazon,Microsoft,Intel;0.0008423818473046843
AMD,Intel,IBM,Microsoft,Amazon;0.0008438221912842707
Oracle,Intel,Microsoft,Amazon,AMD;0.0008439043155729204
Intel,Amazon,Microsoft,Nvidia,IBM;0.0008466198906504023
Oracle,Microsoft,Amazon,Nvidia,Intel;0.0008479689840941108
Amazon,IBM,Intel,Microsoft,Oracle;0.0008514214778898908
Microsoft,Amazon,Nvidia,IBM,AMD;0.0008517640303521871
Oracle,AMD,Amazon,Microsoft,Nvidia;0.0008524691560837495
Oracle,Microsoft,Amazon,AMD,IBM;0.0008549870330820292
Oracle,IBM,Amazon,Microsoft,Nvidia;0.0008587458437269881
Microsoft,IBM,Nvidia,AMD,Intel;0.0008630510137463294
Microsoft,Oracle,AMD,Intel,Nvidia;0.0008703124895866074
IBM,Oracle,Microsoft,Intel,AMD;0.0008706429592561206
Oracle,Nvidia,Intel,Microsoft,IBM;0.0008755166233032887
AMD,Microsoft,Oracle,Nvidia,IBM;0.0008770050328865707
Nvidia,Amazon,AMD,Intel,Apple;0.0008810823874387107
Intel,Apple,IBM,Amazon,AMD;0.0008826023228329535
Oracle,Amazon,Intel,Apple,AMD;0.0008855568800797709
Nvidia,Intel,IBM,Apple,Amazon;0.0008856861318068237
Amazon,Apple,Nvidia,Oracle,Intel;0.000887923565857009
Oracle,Amazon,Apple,IBM,Intel;0.0008880434589606815
IBM,AMD,Nvidia,Apple,Amazon;0.0008918705860866995
Apple,Nvidia,AMD,Amazon,Oracle;0.0008922848946186475
Oracle,Apple,AMD,Amazon,IBM;0.0008936804621847403
Oracle,IBM,Amazon,Apple,Nvidia;0.0008941612257011397
Apple,Intel,IBM,Nvidia,AMD;0.0008950677278993413
Apple,Oracle,AMD,Intel,Nvidia;0.0008971398218051702
Intel,IBM,Oracle,Apple,AMD;0.0008989749366624765
Intel,IBM,Oracle,Nvidia,Apple;0.0009037617996135147
Apple,Nvidia,IBM,AMD,Oracle;0.0009058333324521496
IBM,AMD,Nvidia,Amazon,Intel;0.0009124554315990712
Nvidia,Amazon,Intel,Oracle,AMD;0.0009125678329616761
IBM,Intel,Amazon,AMD,Oracle;0.0009139829328258046
Nvidia,Oracle,IBM,Intel,Amazon;0.0009148988647929191
Nvidia,Amazon,AMD,IBM,Oracle;0.0009156808510932656
Nvidia,Intel,IBM,Oracle,AMD;0.0009177227994901067
Amazon,Apple,Microsoft,Google,Meta,Intel;0.0009192019567304281
Microsoft,Meta,AMD,Apple,Google,Amazon;0.0009216818873856162
Microsoft,Nvidia,Amazon,Apple,Google,Meta;0.0009224098062653428
Meta,Amazon,Google,Apple,Microsoft,IBM;0.0009228111021178735
Oracle,Microsoft,Google,Meta,Apple,Amazon;0.0009251113145094548
Microsoft,Intel,Apple,AMD,Google,Meta;0.0009274146336490909
Google,Intel,Apple,Meta,Microsoft,Nvidia;0.000930036132786566
Apple,Meta,Google,Intel,IBM,Microsoft;0.0009307269266710842
Intel,Google,Apple,Meta,Microsoft,Oracle;0.0009324607397346298
Google,Meta,Apple,Microsoft,Nvidia,AMD;0.0009328252886605891
Microsoft,Apple,AMD,Google,Meta,IBM;0.0009360380092056182
Apple,Microsoft,Oracle,Meta,Google,AMD;0.0009364085378980284
Apple,Microsoft,Nvidia,Google,Meta,IBM;0.0009382107406711201
Oracle,Google,Nvidia,Microsoft,Meta,Apple;0.0009410869029919691
IBM,Meta,Google,Oracle,Microsoft,Apple;0.0009481115264399667
Amazon,Meta,Microsoft,Google,AMD,Intel;0.0009561236928954017
Meta,Intel,Amazon,Nvidia,Google,Microsoft;0.0009620679296702257
Intel,Amazon,Microsoft,Google,IBM,Meta;0.0009749497951535277
Microsoft,Amazon,Oracle,Intel,Google,Meta;0.0009758659899019408
Nvidia,AMD,Amazon,Google,Meta,Microsoft;0.000979710107458684
Meta,Microsoft,IBM,AMD,Google,Amazon;0.000982189385447474
AMD,Google,Meta,Oracle,Amazon,Microsoft;0.000998975396518819
Microsoft,Amazon,Meta,Nvidia,IBM,Google;0.0009992028407935212
Meta,Oracle,Amazon,Nvidia,Microsoft,Google;0.0009998077462026048
Amazon,Oracle,Microsoft,Google,Meta,IBM;0.0010074621063508042
Microsoft,Google,Meta,AMD,Intel,Nvidia;0.0010090143559389141
AMD,Google,Meta,Intel,Microsoft,IBM;0.001010282442087126
Google,Microsoft,Meta,Intel,Oracle,AMD;0.0010131923362240532
IBM,Nvidia,Intel,Meta,Microsoft,Google;0.0010141549968977963
Meta,Microsoft,Oracle,Nvidia,Google,Intel;0.0010146580167535565
Google,IBM,Meta,Intel,Oracle,Microsoft;0.001015745277524025
Nvidia,IBM,AMD,Microsoft,Google,Meta;0.0010225506109571084
Microsoft,Meta,Nvidia,AMD,Oracle,Google;0.0010236187368671886
IBM,Microsoft,Google,Oracle,AMD,Meta;0.0010283982651748775
Nvidia,Meta,IBM,Google,Microsoft,Oracle;0.0010357463971102127
Apple,Meta,Google,AMD,Amazon,Intel;0.001044802611779576
Google,Meta,Amazon,Intel,Apple,Nvidia;0.0010463139418353813
Apple,IBM,Amazon,Google,Meta,Intel;0.0010465786529946248
Amazon,Oracle,Meta,Google,Intel,Apple;0.001047792867364636
AMD,Nvidia,Google,Apple,Amazon,Meta;0.0010495780597515132
Meta,IBM,Google,Amazon,Apple,AMD;0.0010542817652361323
Amazon,Oracle,Meta,Google,AMD,Apple;0.0010569880149779224
Google,Nvidia,Apple,IBM,Meta,Amazon;0.0010587994927620634
Meta,Apple,Nvidia,Oracle,Google,Amazon;0.0010588246400526807
Meta,IBM,Google,Amazon,Apple,Oracle;0.0010622450274978326
Apple,Nvidia,Meta,Intel,AMD,Google;0.0010681942062632866
Google,Intel,Apple,Meta,IBM,AMD;0.0010688178962719808
Apple,Google,Oracle,AMD,Meta,Intel;0.0010692972037431709
Apple,Intel,Nvidia,Meta,IBM,Google;0.001072967034465731
Oracle,Google,Nvidia,Intel,Apple,Meta;0.0010811582662361302
Google,Apple,Oracle,IBM,Meta,Intel;0.0010968105395552181
Apple,IBM,AMD,Meta,Google,Nvidia;0.0010970999380078947
Meta,Nvidia,AMD,Google,Oracle,Apple;0.00109738251611572
Meta,AMD,Oracle,Apple,IBM,Google;0.0010977766554132846
IBM,Google,Meta,Apple,Oracle,Nvidia;0.0011009597547304733
AMD,Intel,Google,Meta,Amazon,Nvidia;0.0011048113114468334
Google,Meta,IBM,Amazon,AMD,Intel;0.0011052645199246367
Oracle,Meta,Amazon,AMD,Google,Intel;0.0011062717058281043
Google,Meta,Nvidia,Intel,Amazon,IBM;0.0011072775268299332
Nvidia,Intel,Oracle,Meta,Amazon,Google;0.0011099962389492194
Google,Meta,IBM,Intel,Amazon,Oracle;0.0011114939185075385
AMD,Meta,Google,IBM,Amazon,Nvidia;0.0011126516591138278
Google,Oracle,Amazon,Nvidia,Meta,AMD;0.0011194357625121051
Meta,IBM,Oracle,Amazon,Google,AMD;0.0011206787657889556
IBM,Amazon,Google,Oracle,Meta,Nvidia;0.001123464452239591
Meta,Google,Nvidia,Intel,IBM,AMD;0.0011237497943683418
Meta,Intel,Oracle,Google,Nvidia,AMD;0.001125266507516956
Intel,Google,Meta,AMD,IBM,Oracle;0.001131314105725807
Oracle,Nvidia,Meta,IBM,Google,Intel;0.001132030217208588
Meta,Google,Oracle,AMD,IBM,Nvidia;0.0011338761740737658
Apple,Amazon,AMD,Google,Intel,Microsoft;0.001136399263649799
Intel,Google,Apple,Nvidia,Microsoft,Amazon;0.0011376109262001759
Microsoft,Amazon,IBM,Google,Intel,Apple;0.0011429293773857077
Amazon,Microsoft,Apple,Intel,Google,Oracle;0.0011433265483354721
Nvidia,AMD,Microsoft,Amazon,Apple,Google;0.0011587620809490635
AMD,Amazon,Google,Apple,Microsoft,IBM;0.0011631265873163063
Amazon,Google,Microsoft,Oracle,AMD,Apple;0.0011662607377502525
Apple,Microsoft,IBM,Amazon,Google,Nvidia;0.0011672332174375872
Google,Microsoft,Apple,Oracle,Nvidia,Amazon;0.001168762142756091
Amazon,Google,Oracle,Microsoft,Apple,IBM;0.001169346977657969
Intel,AMD,Microsoft,Google,Apple,Nvidia;0.0011701192951019668
AMD,Microsoft,IBM,Apple,Google,Intel;0.0011742030411153767
Oracle,AMD,Intel,Google,Apple,Microsoft;0.0011765932047218726
Intel,Nvidia,Microsoft,Google,IBM,Apple;0.0011780621237567376
Microsoft,Oracle,Intel,Nvidia,Apple,Google;0.0011800314227980169
Microsoft,Apple,Intel,IBM,Google,Oracle;0.0011828425095002325
Apple,IBM,AMD,Nvidia,Google,Microsoft;0.0011862229592095551
Microsoft,Apple,AMD,Google,Nvidia,Oracle;0.001187486230402142
Oracle,Microsoft,Apple,AMD,Google,IBM;0.0011898821350346434
Apple,Oracle,Microsoft,Google,Nvidia,IBM;0.0011929730064601993
Nvidia,AMD,Amazon,Intel,Microsoft,Google;0.0011941308612103373
Intel,Amazon,Microsoft,IBM,AMD,Google;0.0011980614337919755
Oracle,Amazon,Intel,Microsoft,AMD,Google;0.0011986203795186934
Nvidia,Google,Amazon,Intel,IBM,Microsoft;0.0011988467284166134
Oracle,Intel,Microsoft,Nvidia,Google,Amazon;0.0012017398128740637
Microsoft,Oracle,Amazon,Google,Intel,IBM;0.0012033140207005656
IBM,Google,Amazon,AMD,Nvidia,Microsoft;0.0012100477475190023
AMD,Amazon,Nvidia,Google,Microsoft,Oracle;0.0012163162703802152
Oracle,IBM,Google,Microsoft,AMD,Amazon;0.0012173710087151905
Microsoft,Amazon,Oracle,Google,Nvidia,IBM;0.0012216394791566385
Microsoft,Intel,Nvidia,AMD,Google,IBM;0.001222607018144318
Oracle,Nvidia,Microsoft,Intel,AMD,Google;0.0012255946065790357
Oracle,Google,Microsoft,AMD,IBM,Intel;0.0012284618514509084
Microsoft,Intel,Oracle,IBM,Nvidia,Google;0.0012298046961434852
Oracle,AMD,Nvidia,IBM,Microsoft,Google;0.001239593291746692
Nvidia,Google,Apple,AMD,Intel,Amazon;0.001239724692962353
AMD,Intel,IBM,Apple,Amazon,Google;0.0012499812015977756
Google,Amazon,AMD,Intel,Oracle,Apple;0.0012529417912588556
Intel,Amazon,Google,IBM,Apple,Nvidia;0.0012532711155105582
Google,Amazon,Oracle,Intel,Apple,Nvidia;0.0012564473430684683
IBM,Oracle,Apple,Amazon,Google,Intel;0.0012601628434018607
Nvidia,Apple,Google,IBM,Amazon,AMD;0.0012629370961816648
Oracle,Apple,AMD,Amazon,Google,Nvidia;0.001266719158491519
Google,Apple,AMD,Oracle,IBM,Amazon;0.0012680008912880367
Nvidia,Google,Apple,Oracle,IBM,Amazon;0.0012728103117161335
Intel,AMD,Apple,Google,Nvidia,IBM;0.0012755051099267326
Nvidia,AMD,Google,Oracle,Apple,Intel;0.0012803077698888509
Oracle,IBM,Intel,Google,AMD,Apple;0.0012879069930810528
Intel,IBM,Google,Apple,Oracle,Nvidia;0.0012943815466785172
IBM,Nvidia,AMD,Apple,Google,Oracle;0.0012945504654118764
Nvidia,Intel,IBM,Amazon,AMD,Google;0.0012957961827615775
AMD,Oracle,Google,Nvidia,Intel,Amazon;0.001300145580196023
IBM,Oracle,Amazon,AMD,Google,Intel;0.0013071794286168704
Intel,Google,Nvidia,IBM,Amazon,Oracle;0.0013117434038535777
Oracle,AMD,Nvidia,Amazon,IBM,Google;0.0013160304919788036
Nvidia,Oracle,AMD,Google,IBM,Intel;0.0013190556580070722
Amazon,Intel,Microsoft,Meta,AMD,Apple;0.0013208409195734545
Nvidia,Intel,Apple,Meta,Microsoft,Amazon;0.0013213357512710392
Microsoft,Intel,IBM,Apple,Amazon,Meta;0.0013273921117534983
Microsoft,Apple,Amazon,Meta,Intel,Oracle;0.0013288729055144612
Meta,Microsoft,AMD,Amazon,Nvidia,Apple;0.0013359595395994138
Apple,IBM,Meta,Microsoft,AMD,Amazon;0.0013482840059708778
Oracle,Apple,Amazon,AMD,Microsoft,Meta;0.0013485159126964967
Microsoft,IBM,Nvidia,Apple,Amazon,Meta;0.0013520229340011776
Amazon,Nvidia,Oracle,Meta,Microsoft,Apple;0.0013656897531404116
Amazon,Microsoft,IBM,Oracle,Meta,Apple;0.0013719841975280071
Meta,Intel,Microsoft,Nvidia,Apple,AMD;0.0013754440973723777
AMD,Intel,IBM,Microsoft,Meta,Apple;0.001388828199277933
Meta,Intel,Apple,Oracle,AMD,Microsoft;0.0013910512796282107
Meta,Apple,Nvidia,IBM,Intel,Microsoft;0.0013916582910326223
Nvidia,Meta,Intel,Apple,Oracle,Microsoft;0.0013965152425973386
Oracle,Meta,Intel,Microsoft,IBM,Apple;0.0014042966437568115
Meta,AMD,Nvidia,Microsoft,Apple,IBM;0.001408996472744797
Oracle,Apple,AMD,Meta,Nvidia,Microsoft;0.0014131983285528141
Meta,AMD,Oracle,Apple,Microsoft,IBM;0.0014176107573079624
Microsoft,Nvidia,Oracle,Meta,Apple,IBM;0.0014178484637777488
Microsoft,AMD,Nvidia,Intel,Meta,Amazon;0.001420460262381226
Meta,IBM,Microsoft,Intel,AMD,Amazon;0.00142149669217167
AMD,Amazon,Intel,Oracle,Meta,Microsoft;0.0014216959403217805
Intel,Amazon,Meta,Microsoft,Nvidia,IBM;0.0014221592497159635
Intel,Meta,Amazon,Microsoft,Oracle,Nvidia;0.0014303720375621026
IBM,Meta,Intel,Oracle,Amazon,Microsoft;0.001433316328197831
Nvidia,AMD,IBM,Microsoft,Amazon,Meta;0.00145611672924848
Meta,Microsoft,Amazon,AMD,Oracle,Nvidia;0.0014596540196643631
IBM,Meta,Amazon,Microsoft,Oracle,AMD;0.0014669945267202853
Oracle,Meta,Nvidia,IBM,Microsoft,Amazon;0.001468225023197107
Intel,Microsoft,IBM,Nvidia,Meta,AMD;0.0014688547711446157
AMD,Microsoft,Meta,Oracle,Nvidia,Intel;0.0014700538503352124
Oracle,IBM,AMD,Microsoft,Meta,Intel;0.0014715264579045564
Intel,Nvidia,Meta,Oracle,Microsoft,IBM;0.001471941855344637
AMD,Microsoft,IBM,Meta,Nvidia,Oracle;0.0014758891760764002
Intel,Nvidia,Apple,Meta,Amazon,AMD;0.001478532946940741
Amazon,Intel,IBM,Meta,Apple,AMD;0.0014831138551763853
Amazon,Meta,Intel,Apple,AMD,Oracle;0.0014855466892524367
Intel,Meta,Nvidia,Apple,IBM,Amazon;0.0014887393888167932
Intel,Meta,Apple,Nvidia,Oracle,Amazon;0.0014910411136116275
IBM,Amazon,Meta,Oracle,Intel,Apple;0.001505066978272805
Nvidia,Amazon,AMD,IBM,Apple,Meta;0.0015104563705653773
Apple,Amazon,Nvidia,Meta,Oracle,AMD;0.0015151145771658664
AMD,Oracle,Amazon,IBM,Apple,Meta;0.0015186582181489045
Amazon,IBM,Oracle,Apple,Nvidia,Meta;0.0015193495377937895
Apple,Nvidia,Intel,IBM,AMD,Meta;0.0015246863739676467
Intel,AMD,Nvidia,Apple,Meta,Oracle;0.0015279593261834806
Intel,Meta,Oracle,AMD,IBM,Apple;0.001542806892955184
Oracle,Apple,Intel,Nvidia,IBM,Meta;0.001556022838673643
Meta,AMD,Apple,Nvidia,IBM,Oracle;0.0015692424912827243
AMD,Meta,Amazon,Intel,IBM,Nvidia;0.0015731022944376236
Nvidia,Meta,AMD,Oracle,Amazon,Intel;0.0015794684974903947
IBM,Amazon,Meta,AMD,Oracle,Intel;0.001579688073231255
Meta,Nvidia,Intel,Amazon,Oracle,IBM;0.0015799414529214188
Amazon,Meta,Nvidia,IBM,Oracle,AMD;0.0015808909018466756
Intel,AMD,Meta,Nvidia,IBM,Oracle;0.0015822002318802778
Nvidia,Apple,Microsoft,Amazon,Intel,AMD;0.0015867045530875477
IBM,AMD,Microsoft,Apple,Intel,Amazon;0.0015929587933374487
Apple,Oracle,Intel,Microsoft,Amazon,AMD;0.0016009295429820598
IBM,Amazon,Microsoft,Nvidia,Intel,Apple;0.0016012212659317238
Nvidia,Apple,Oracle,Amazon,Microsoft,Intel;0.001604359545126574
Oracle,Amazon,Apple,Intel,Microsoft,IBM;0.0016231698826483603
Apple,AMD,Microsoft,Nvidia,IBM,Amazon;0.0016288909248749252
Microsoft,Oracle,Amazon,Apple,Nvidia,AMD;0.0016301039764175774
Amazon,Apple,Oracle,IBM,Microsoft,AMD;0.0016385351427611417
Amazon,Apple,Microsoft,Oracle,IBM,Nvidia;0.0016414375030499835
AMD,Intel,IBM,Apple,Nvidia,Microsoft;0.0016449382585892495
AMD,Nvidia,Intel,Oracle,Apple,Microsoft;0.001652118418910616
IBM,Intel,Oracle,Microsoft,Apple,AMD;0.0016593589025344576
Nvidia,Oracle,Microsoft,Apple,Intel,IBM;0.0016767553507184949
Microsoft,Oracle,Nvidia,Apple,IBM,AMD;0.0016788280909552384
Intel,Nvidia,Amazon,Microsoft,AMD,IBM;0.001683787797961016
Nvidia,Amazon,AMD,Microsoft,Oracle,Intel;0.0016843662558429515
Amazon,IBM,Intel,AMD,Microsoft,Oracle;0.001690493505049029
Amazon,Nvidia,Intel,Oracle,IBM,Microsoft;0.001694234031786364
Nvidia,Microsoft,Oracle,IBM,AMD,Amazon;0.0017015029806227088
AMD,Nvidia,Intel,IBM,Microsoft,Oracle;0.0017026908531462873
Nvidia,AMD,Amazon,IBM,Apple,Intel;0.0017035323278367458
Nvidia,Intel,AMD,Amazon,Apple,Oracle;0.0017035541556432907
Apple,AMD,Amazon,Intel,IBM,Oracle;0.0017067012898567293
Amazon,Nvidia,Oracle,IBM,Intel,Apple;0.001708310095880228
Amazon,IBM,Nvidia,AMD,Oracle,Apple;0.0017284719541175875
IBM,Apple,Nvidia,Intel,AMD,Oracle;0.0017479677271016335
Oracle,Intel,Amazon,Nvidia,AMD,IBM;0.0017511354873222607
AMD,Amazon,Apple,Meta,Google,Microsoft,Intel;0.0017543484647820798
Intel,Amazon,Apple,Microsoft,Nvidia,Meta,Google;0.0017633922356547445
Microsoft,Amazon,IBM,Google,Meta,Apple,Intel;0.0017684575045696246
Amazon,Intel,Oracle,Meta,Google,Microsoft,Apple;0.0017737798333937555
Meta,Apple,Amazon,Microsoft,Nvidia,AMD,Google;0.001777951843737411
Google,Meta,IBM,AMD,Microsoft,Apple,Amazon;0.0017785390481384743
Microsoft,Amazon,AMD,Google,Apple,Meta,Oracle;0.0017787628081695932
Meta,IBM,Apple,Nvidia,Amazon,Google,Microsoft;0.0017838708749021662
Meta,Google,Microsoft,Oracle,Apple,Nvidia,Amazon;0.0017867678174239025
Microsoft,Apple,Meta,Oracle,Amazon,IBM,Google;0.0017962571434540137
Google,Nvidia,Microsoft,Intel,AMD,Apple,Meta;0.0018038192033215496
Google,Meta,Intel,AMD,Apple,Microsoft,IBM;0.0018068372007039287
Google,Intel,Oracle,AMD,Meta,Microsoft,Apple;0.0018077101288916598
Meta,Apple,Nvidia,Google,Intel,IBM,Microsoft;0.0018156151977008683
Intel,Nvidia,Google,Oracle,Microsoft,Meta,Apple;0.0018170514769298
Microsoft,Oracle,IBM,Meta,Apple,Intel,Google;0.0018245622938394713
Google,Apple,Meta,AMD,Microsoft,IBM,Nvidia;0.0018268708327719948
Oracle,Meta,Apple,Nvidia,Microsoft,Google,AMD;0.0018311919202625376
Apple,Meta,Google,Oracle,AMD,Microsoft,IBM;0.0018409002797622458
Microsoft,Apple,Meta,Nvidia,Oracle,Google,IBM;0.0018429331078685931
Meta,AMD,Google,Amazon,Intel,Nvidia,Microsoft;0.0018437346245964309
Google,Intel,Amazon,Microsoft,IBM,Meta,AMD;0.0018498900722579057
AMD,Microsoft,Intel,Amazon,Oracle,Google,Meta;0.0018501045137311023
Microsoft,IBM,Meta,Amazon,Google,Intel,Nvidia;0.0018586950880279559
Meta,Microsoft,Amazon,Google,Intel,Nvidia,Oracle;0.0018651276087213583
Meta,Amazon,IBM,Microsoft,Oracle,Google,Intel;0.001865302770014218
IBM,Nvidia,Microsoft,Google,AMD,Amazon,Meta;0.0018690155235901022
Google,Meta,Oracle,AMD,Amazon,Nvidia,Microsoft;0.0018743537183553648
Microsoft,Oracle,Google,Meta,IBM,Amazon,AMD;0.0018875281136346927
Oracle,Microsoft,Meta,IBM,Nvidia,Google,Amazon;0.0018900669377037804
AMD,Microsoft,Meta,Intel,Google,IBM,Nvidia;0.0019040005580913408
Microsoft,Intel,Oracle,Nvidia,AMD,Google,Meta;0.0019134277565480548
AMD,Intel,Microsoft,Google,IBM,Meta,Oracle;0.0019140030650645209
Nvidia,IBM,Google,Meta,Microsoft,Intel,Oracle;0.0019153230496900353
Nvidia,Google,Microsoft,Meta,Oracle,IBM,AMD;0.001930132875183382
Apple,Amazon,Intel,AMD,Google,Nvidia,Meta;0.0019391439546081709
IBM,Intel,Apple,AMD,Google,Meta,Amazon;0.0019422912433252858
Amazon,Meta,Apple,Google,AMD,Oracle,Intel;0.0019520697319196207
IBM,Amazon,Meta,Nvidia,Apple,Intel,Google;0.0019523206812510415
Oracle,Meta,Intel,Google,Nvidia,Amazon,Apple;0.0019604252085957574
Oracle,Amazon,Apple,Meta,Google,Intel,IBM;0.0019639478531167133
IBM,Amazon,AMD,Apple,Meta,Google,Nvidia;0.0019769421610909854
Meta,Google,AMD,Oracle,Amazon,Nvidia,Apple;0.0019980071150638595
IBM,AMD,Amazon,Google,Oracle,Apple,Meta;0.0020002715765631146
Google,Oracle,IBM,Meta,Amazon,Apple,Nvidia;0.0020051796436149293
Nvidia,Google,Intel,Meta,AMD,IBM,Apple;0.002025910986950064
Oracle,Google,AMD,Apple,Nvidia,Intel,Meta;0.00202592354243973
Google,Apple,Meta,Intel,Oracle,IBM,AMD;0.002049574879269681
Intel,Apple,IBM,Meta,Google,Oracle,Nvidia;0.0020557123248832864
Apple,IBM,Oracle,Google,AMD,Nvidia,Meta;0.002074727997594689
Google,AMD,IBM,Nvidia,Intel,Amazon,Meta;0.00208155837600481
Amazon,AMD,Google,Nvidia,Intel,Oracle,Meta;0.0020894969465877376
AMD,Intel,IBM,Meta,Oracle,Google,Amazon;0.002090170164063366
Meta,Oracle,Google,Amazon,Nvidia,Intel,IBM;0.0020917311413282923
Meta,AMD,IBM,Oracle,Amazon,Nvidia,Google;0.002092601036558151
IBM,Intel,Google,Oracle,AMD,Meta,Nvidia;0.0021029969529699163
Nvidia,Intel,AMD,Apple,Amazon,Microsoft,Google;0.0021051710255823946
Microsoft,Intel,AMD,IBM,Apple,Google,Amazon;0.0021071011577511113
Microsoft,Google,AMD,Intel,Apple,Oracle,Amazon;0.002108163482560021
IBM,Google,Apple,Microsoft,Nvidia,Amazon,Intel;0.0021175899111530484
Intel,Microsoft,Google,Apple,Amazon,Nvidia,Oracle;0.002118630701319776
Microsoft,Apple,IBM,Amazon,Google,Intel,Oracle;0.0021202739472588423
AMD,Nvidia,IBM,Google,Apple,Microsoft,Amazon;0.002125821248644837
Nvidia,Google,Oracle,Apple,Microsoft,Amazon,AMD;0.0021296622045316417
Oracle,Google,Amazon,Apple,IBM,AMD,Microsoft;0.0021341448283700173
Nvidia,IBM,Oracle,Amazon,Google,Apple,Microsoft;0.0021395129237179113
Microsoft,Intel,Google,AMD,Apple,IBM,Nvidia;0.0021512421222308928
Google,Nvidia,Microsoft,Apple,Intel,Oracle,AMD;0.002152340685504669
Oracle,AMD,Intel,IBM,Google,Microsoft,Apple;0.0021709166951050587
Microsoft,Google,Apple,Nvidia,Intel,Oracle,IBM;0.0021846032519238162
Nvidia,Apple,Oracle,Google,AMD,Microsoft,IBM;0.002209072241468091
Amazon,Nvidia,IBM,AMD,Intel,Microsoft,Google;0.0022157194732744336
Amazon,Oracle,Nvidia,Intel,AMD,Google,Microsoft;0.0022190636327232924
Amazon,Oracle,Google,Intel,Microsoft,IBM,AMD;0.0022381330653273445
IBM,Oracle,Google,Nvidia,Microsoft,Intel,Amazon;0.0022408128422570007
Microsoft,AMD,Nvidia,IBM,Google,Amazon,Oracle;0.0022412240639763437
Oracle,AMD,Microsoft,Google,Nvidia,Intel,IBM;0.0022581500328482033
IBM,Nvidia,Apple,Intel,AMD,Amazon,Google;0.0022665602710567083
AMD,Amazon,Intel,Nvidia,Google,Oracle,Apple;0.002271731163550293
AMD,Amazon,IBM,Oracle,Apple,Intel,Google;0.0022785162117197164
IBM,Intel,Apple,Nvidia,Amazon,Google,Oracle;0.0022826180182917676
AMD,Oracle,Amazon,IBM,Apple,Nvidia,Google;0.00229162892873214
Apple,Oracle,Intel,Nvidia,Google,IBM,AMD;0.0023107222274650384
IBM,Intel,AMD,Nvidia,Google,Oracle,Amazon;0.0023352621070322445
AMD,Nvidia,Microsoft,Amazon,Meta,Intel,Apple;0.002345600811022517
Apple,Meta,Amazon,Intel,AMD,IBM,Microsoft;0.002369601338923593
Microsoft,AMD,Oracle,Amazon,Apple,Intel,Meta;0.0024008464057000403
Meta,Intel,Apple,IBM,Nvidia,Amazon,Microsoft;0.0024263182549587228
Oracle,Meta,Microsoft,Intel,Amazon,Apple,Nvidia;0.0024413993520995716
Amazon,IBM,Microsoft,Meta,Oracle,Intel,Apple;0.002455087370896725
Meta,Microsoft,IBM,Apple,Nvidia,Amazon,AMD;0.002465809925456678
Amazon,Apple,Meta,AMD,Nvidia,Microsoft,Oracle;0.002466599323528011
Apple,IBM,AMD,Meta,Oracle,Microsoft,Amazon;0.0024668355110665343
IBM,Meta,Oracle,Nvidia,Apple,Microsoft,Amazon;0.002474065242262239
Meta,Apple,IBM,Intel,AMD,Nvidia,Microsoft;0.0024854285897682278
Intel,Nvidia,Oracle,Apple,AMD,Meta,Microsoft;0.0024899704296798214
IBM,Oracle,Meta,Apple,Microsoft,Intel,AMD;0.002498395793362448
Nvidia,Microsoft,Apple,Oracle,Intel,IBM,Meta;0.0025054219590074354
IBM,Oracle,AMD,Microsoft,Apple,Meta,Nvidia;0.0025077804000889115
AMD,Meta,Microsoft,IBM,Intel,Amazon,Nvidia;0.0025142475433300444
Intel,Amazon,Oracle,Meta,Nvidia,Microsoft,AMD;0.0025200239214806627
Oracle,Meta,Intel,Microsoft,IBM,Amazon,AMD;0.0025246741557057753
IBM,Meta,Microsoft,Intel,Nvidia,Oracle,Amazon;0.0025469115017132033
Meta,Amazon,Oracle,Nvidia,Microsoft,IBM,AMD;0.0025507822010130384
Nvidia,Oracle,Microsoft,AMD,IBM,Meta,Intel;0.0025538901100184155
Amazon,Intel,AMD,Nvidia,Apple,Meta,IBM;0.0025546535813700377
Apple,Oracle,Intel,Nvidia,AMD,Meta,Amazon;0.002562898707235639
AMD,Apple,Amazon,IBM,Meta,Intel,Oracle;0.0025665804691625605
Meta,Oracle,Intel,IBM,Amazon,Nvidia,Apple;0.00258861124065959
Amazon,Oracle,AMD,Meta,IBM,Apple,Nvidia;0.002590414446027193
Apple,Intel,Meta,IBM,AMD,Oracle,Nvidia;0.002603160189613548
Intel,Nvidia,IBM,Amazon,Meta,Oracle,AMD;0.0026204281360627663
AMD,Microsoft,Nvidia,Amazon,Apple,Intel,IBM;0.0026295999131639683
Intel,AMD,Oracle,Apple,Nvidia,Amazon,Microsoft;0.002697536061497232
Apple,AMD,Microsoft,Intel,Amazon,IBM,Oracle;0.002766743408182855
Oracle,Apple,Intel,Nvidia,Microsoft,IBM,Amazon;0.0027848951364932957
Oracle,Amazon,Nvidia,IBM,AMD,Apple,Microsoft;0.0028129911104384673
Apple,Intel,IBM,AMD,Microsoft,Oracle,Nvidia;0.0028161615983151563
Oracle,Intel,IBM,Microsoft,Amazon,Nvidia,AMD;0.0028257456793654117
Amazon,Intel,IBM,AMD,Nvidia,Apple,Oracle;0.002833768327904462
Intel,Google,Microsoft,Meta,AMD,Amazon,Apple,Nvidia;0.0028373135604674725
Google,Meta,Microsoft,IBM,Apple,AMD,Intel,Amazon;0.002870675361414844
Microsoft,Intel,AMD,Amazon,Google,Apple,Meta,Oracle;0.002882824787077667
Microsoft,Intel,Meta,Google,IBM,Apple,Amazon,Nvidia;0.0029107546514325995
Intel,Microsoft,Meta,Amazon,Apple,Oracle,Nvidia,Google;0.002944424987303397
IBM,Apple,Intel,Google,Oracle,Amazon,Microsoft,Meta;0.002945662615494581
Apple,Google,Nvidia,AMD,Amazon,IBM,Microsoft,Meta;0.002973529742652756
Google,AMD,Apple,Microsoft,Oracle,Nvidia,Meta,Amazon;0.0029842079406297373
AMD,IBM,Amazon,Google,Microsoft,Apple,Meta,Oracle;0.002990804426758716
Microsoft,Apple,Amazon,Oracle,Google,IBM,Meta,Nvidia;0.003018049312562404
Nvidia,Apple,Intel,AMD,Microsoft,Meta,IBM,Google;0.0030373865137822654
Apple,AMD,Oracle,Nvidia,Meta,Microsoft,Intel,Google;0.003055127257401784
Meta,IBM,AMD,Apple,Microsoft,Intel,Google,Oracle;0.0030937411585051536
Meta,Nvidia,IBM,Google,Apple,Microsoft,Oracle,Intel;0.0031055216769503907
Apple,IBM,AMD,Meta,Oracle,Microsoft,Nvidia,Google;0.003112108611809263
AMD,Google,Nvidia,Microsoft,Amazon,IBM,Meta,Intel;0.003143283538897589
Intel,Google,Amazon,Oracle,AMD,Microsoft,Meta,Nvidia;0.003149721894054281
Google,Meta,AMD,Oracle,Amazon,Intel,IBM,Microsoft;0.0031682747610494288
IBM,Oracle,Microsoft,Nvidia,Amazon,Intel,Meta,Google;0.003172735428411417
IBM,Google,Nvidia,Microsoft,Meta,Oracle,AMD,Amazon;0.003181217477259671
Nvidia,Google,Meta,Microsoft,Oracle,Intel,IBM,AMD;0.003218697114041047
Amazon,Apple,AMD,Meta,IBM,Nvidia,Google,Intel;0.0032242813267951064
Meta,Oracle,Intel,Google,Amazon,AMD,Nvidia,Apple;0.0033036584570557376
Apple,Meta,IBM,Amazon,Oracle,Google,Intel,AMD;0.0033660116660693793
Apple,Oracle,Google,Nvidia,Meta,Intel,Amazon,IBM;0.0033936488685319894
Nvidia,Oracle,Google,IBM,Apple,Amazon,AMD,Meta;0.0034195380287036317
Oracle,Intel,IBM,Meta,Google,AMD,Nvidia,Apple;0.0034410534873155134
IBM,Amazon,Meta,Nvidia,Intel,Oracle,AMD,Google;0.0034971480557129822
Intel,Google,Microsoft,AMD,Apple,Nvidia,IBM,Amazon;0.003531431940663058
Nvidia,Microsoft,Google,Intel,Oracle,AMD,Amazon,Apple;0.0035514327905117648
Oracle,Intel,AMD,Amazon,IBM,Apple,Microsoft,Google;0.003560655931432485
Nvidia,IBM,Apple,Microsoft,Google,Oracle,Intel,Amazon;0.0036312444038820637
Google,AMD,Microsoft,Amazon,Oracle,Nvidia,IBM,Apple;0.003678107755489335
Google,Microsoft,IBM,Apple,Intel,Nvidia,AMD,Oracle;0.003707593097375347
Oracle,Amazon,Intel,Google,IBM,Nvidia,Microsoft,AMD;0.003715781936293385
Intel,Google,AMD,Oracle,Nvidia,IBM,Apple,Amazon;0.0037256026916770396
AMD,Intel,Apple,Nvidia,IBM,Meta,Amazon,Microsoft;0.0037394560661577017
Apple,Microsoft,Nvidia,Amazon,Intel,Oracle,Meta,AMD;0.0037676043139472184
Oracle,Amazon,Intel,IBM,AMD,Microsoft,Apple,Meta;0.0038934899003794372
Amazon,Meta,Nvidia,Intel,Oracle,IBM,Apple,Microsoft;0.0039194308120809925
Amazon,Microsoft,Meta,IBM,AMD,Nvidia,Oracle,Apple;0.003932675232945291
Microsoft,Intel,Nvidia,Oracle,IBM,Apple,AMD,Meta;0.004070285660491598
Oracle,Microsoft,AMD,Meta,Intel,Amazon,IBM,Nvidia;0.004096408256319378
AMD,Intel,Nvidia,IBM,Apple,Meta,Amazon,Oracle;0.004204640813136853
Microsoft,IBM,Intel,Nvidia,AMD,Oracle,Apple,Amazon;0.004321030622092869
Amazon,Meta,Google,Nvidia,IBM,AMD,Intel,Microsoft,Apple;0.004398489285167273
Nvidia,Amazon,Apple,Google,Intel,Oracle,AMD,Meta,Microsoft;0.004487041651727874
Intel,Oracle,Microsoft,IBM,AMD,Apple,Meta,Google,Amazon;0.004528980650534787
Meta,Nvidia,Amazon,Google,Apple,Microsoft,IBM,Intel,Oracle;0.004749794112921518
IBM,Microsoft,Oracle,Apple,AMD,Nvidia,Meta,Amazon,Google;0.005072357205361232
Nvidia,Intel,Apple,Google,AMD,Oracle,Meta,IBM,Microsoft;0.0051757770911084406
Amazon,Meta,IBM,Google,AMD,Oracle,Intel,Nvidia,Microsoft;0.005576215696687503
IBM,Intel,Google,Oracle,AMD,Apple,Meta,Nvidia,Amazon;0.005961032593375832
Oracle,Google,Amazon,AMD,Microsoft,Nvidia,Intel,Apple,IBM;0.006122480216671411
IBM,Meta,Amazon,Apple,Nvidia,Microsoft,Intel,AMD,Oracle;0.006242724884778659
Oracle,Apple,AMD,Meta,Microsoft,Nvidia,IBM,Intel,Google,Amazon;0.007196873979315555
